GamePk,GameDate,GameTime,PlayerId,FullName,LastName,BatterStand,Side,Team,Opponent,BattingPosition,PlateAppearances,AtBats,Hits,Bases,Strikeouts,Walks,Singles,Doubles,Triples,HomeRuns,RBIs,Runs,StolenBaseAttempts,StolenBaseSuccesses,PointsDK,PointsFD,HomeRunProbability,HitProbability,StolenBaseProbability
822828,2026-04-12,1:37,605137,Josh Bell,Bell,S,A,MIN,TOR,5,4.122,3.624,0.911,1.612,0.659,0.413,0.567,0.161,0.011,0.173,0.526,0.52,0.016,0.012,7.297,9.652,0.161,0.627,0.012
822828,2026-04-12,1:37,621439,Byron Buxton,Buxton,R,A,MIN,TOR,1,4.673,4.138,0.991,1.978,1.184,0.444,0.512,0.201,0.047,0.231,0.533,0.658,0.212,0.175,9.371,12.289,0.209,0.671,0.162
822828,2026-04-12,1:37,623168,Tyler Heineman,Heineman,S,H,TOR,MIN,9,3.512,3.187,0.653,1.024,0.71,0.243,0.426,0.154,0.003,0.07,0.336,0.324,0.024,0.02,4.68,6.133,0.069,0.5,0.02
822828,2026-04-12,1:37,656484,Tristan Gray,Gray,L,A,MIN,TOR,9,3.9,3.542,0.724,1.296,1.149,0.278,0.437,0.145,0.0,0.142,0.43,0.419,0.026,0.018,5.8,7.673,0.136,0.534,0.018
822828,2026-04-12,1:37,660821,Jesus Sanchez,Sanchez,L,H,TOR,MIN,4,4.265,3.745,0.889,1.485,1.008,0.419,0.578,0.158,0.019,0.134,0.508,0.476,0.079,0.065,7.142,9.403,0.125,0.622,0.064
822828,2026-04-12,1:37,662139,Daulton Varsho,Varsho,L,H,TOR,MIN,2,4.378,3.816,0.841,1.581,1.123,0.471,0.48,0.157,0.027,0.177,0.478,0.546,0.089,0.076,7.575,10.031,0.165,0.596,0.072
822828,2026-04-12,1:37,663616,Trevor Larnach,Larnach,L,A,MIN,TOR,2,4.614,4.045,0.987,1.667,0.981,0.466,0.621,0.205,0.009,0.152,0.46,0.559,0.04,0.03,7.603,9.978,0.145,0.65,0.03
822828,2026-04-12,1:37,664770,Nathan Lukes,Lukes,L,H,TOR,MIN,1,4.598,4.086,0.964,1.527,0.705,0.398,0.635,0.201,0.021,0.106,0.395,0.539,0.028,0.022,6.919,9.013,0.102,0.641,0.022
822828,2026-04-12,1:37,665019,Kody Clemens,Clemens,L,A,MIN,TOR,7,4.167,3.681,0.875,1.629,1.079,0.402,0.504,0.171,0.016,0.184,0.536,0.502,0.075,0.064,7.532,9.959,0.17,0.605,0.062
822828,2026-04-12,1:37,665489,Vladimir Guerrero Jr.,Guerrero Jr.,R,H,TOR,MIN,3,4.277,3.694,1.024,1.601,0.56,0.487,0.704,0.19,0.004,0.127,0.48,0.488,0.034,0.029,7.41,9.678,0.122,0.684,0.028
822828,2026-04-12,1:37,665926,Andres Gimenez,Gimenez,L,H,TOR,MIN,7,3.934,3.59,0.883,1.358,0.804,0.26,0.606,0.171,0.016,0.091,0.426,0.415,0.166,0.139,6.601,8.504,0.088,0.623,0.131
822828,2026-04-12,1:37,670242,Matt Wallner,Wallner,L,A,MIN,TOR,4,4.338,3.858,0.831,1.716,1.421,0.391,0.441,0.137,0.009,0.244,0.629,0.545,0.05,0.04,7.845,10.506,0.22,0.581,0.039
822828,2026-04-12,1:37,672960,Kazuma Okamoto,Okamoto,R,H,TOR,MIN,5,4.215,3.73,0.659,1.162,1.443,0.413,0.375,0.175,0.0,0.109,0.422,0.41,0.027,0.022,5.689,7.642,0.102,0.502,0.022
822828,2026-04-12,1:37,676391,Ernie Clement,Clement,R,H,TOR,MIN,6,4.075,3.728,0.961,1.487,0.394,0.236,0.638,0.214,0.016,0.093,0.424,0.431,0.046,0.038,6.418,8.262,0.089,0.654,0.037
822828,2026-04-12,1:37,676914,Davis Schneider,Schneider,R,H,TOR,MIN,8,3.353,2.747,0.565,1.004,0.947,0.547,0.335,0.122,0.004,0.103,0.347,0.384,0.044,0.038,5.425,7.323,0.099,0.447,0.038
822828,2026-04-12,1:37,680777,Ryan Jeffers,Jeffers,R,A,MIN,TOR,6,4.18,3.687,0.869,1.407,0.828,0.392,0.559,0.194,0.004,0.112,0.41,0.471,0.035,0.026,6.474,8.493,0.107,0.606,0.026
822828,2026-04-12,1:37,686797,Brooks Lee,Lee,S,A,MIN,TOR,8,4.069,3.706,0.913,1.458,0.7,0.267,0.61,0.179,0.007,0.117,0.467,0.424,0.047,0.038,6.455,8.388,0.11,0.64,0.037
822828,2026-04-12,1:37,807712,Luke Keaschall,Keaschall,R,A,MIN,TOR,3,4.532,4.061,1.021,1.66,0.654,0.369,0.652,0.234,0.0,0.135,0.477,0.534,0.272,0.223,8.353,10.806,0.13,0.674,0.204
822998,2026-04-12,1:40,519317,Giancarlo Stanton,Stanton,R,A,NYY,TB ,5,4.149,3.665,0.784,1.491,1.16,0.395,0.43,0.177,0.002,0.175,0.518,0.459,0.046,0.039,6.88,9.171,0.161,0.576,0.038
822998,2026-04-12,1:40,592450,Aaron Judge,Judge,R,A,NYY,TB ,2,4.615,3.971,1.068,2.204,1.143,0.557,0.559,0.191,0.008,0.31,0.691,0.719,0.104,0.089,10.172,13.535,0.272,0.696,0.087
822998,2026-04-12,1:40,641355,Cody Bellinger,Bellinger,L,A,NYY,TB ,3,4.503,4.033,0.893,1.604,0.724,0.371,0.527,0.181,0.026,0.159,0.531,0.501,0.171,0.138,7.779,10.211,0.15,0.612,0.13
822998,2026-04-12,1:40,641584,Jake Fraley,Fraley,L,H,TB ,NYY,7,3.628,3.25,0.664,1.022,0.98,0.299,0.443,0.15,0.006,0.065,0.291,0.326,0.154,0.132,5.268,6.811,0.064,0.51,0.122
822998,2026-04-12,1:40,641857,Ryan McMahon,McMahon,L,A,NYY,TB ,8,3.932,3.437,0.663,1.169,1.333,0.41,0.401,0.137,0.006,0.119,0.388,0.413,0.047,0.037,5.732,7.638,0.112,0.503,0.036
822998,2026-04-12,1:40,650490,Yandy Diaz,Diaz,R,H,TB ,NYY,4,4.104,3.612,0.861,1.265,0.717,0.4,0.594,0.195,0.008,0.064,0.386,0.372,0.037,0.028,5.922,7.707,0.062,0.598,0.028
822998,2026-04-12,1:40,656775,Cedric Mullins,Mullins,L,H,TB ,NYY,5,4.044,3.529,0.684,1.124,1.229,0.437,0.428,0.15,0.026,0.08,0.375,0.358,0.201,0.164,6.195,8.123,0.079,0.515,0.156
822998,2026-04-12,1:40,663743,Nick Fortes,Fortes,R,H,TB ,NYY,6,3.826,3.534,0.772,1.122,0.813,0.195,0.556,0.146,0.005,0.065,0.356,0.312,0.055,0.043,5.028,6.455,0.064,0.561,0.042
822998,2026-04-12,1:40,663757,Trent Grisham,Grisham,L,A,NYY,TB ,1,4.759,3.988,0.819,1.51,1.178,0.672,0.486,0.146,0.014,0.172,0.403,0.648,0.144,0.123,8.088,10.771,0.161,0.577,0.116
822998,2026-04-12,1:40,665862,Jazz Chisholm,Chisholm,L,A,NYY,TB ,6,4.193,3.745,0.799,1.523,1.197,0.358,0.456,0.138,0.028,0.177,0.483,0.478,0.34,0.287,8.12,10.582,0.167,0.582,0.258
822998,2026-04-12,1:40,666018,Jonathan Aranda,Aranda,L,H,TB ,NYY,3,4.29,3.751,0.863,1.467,1.237,0.453,0.519,0.213,0.003,0.128,0.457,0.431,0.011,0.008,6.652,8.789,0.12,0.613,0.008
822998,2026-04-12,1:40,669224,Austin Wells,Wells,L,A,NYY,TB ,9,3.775,3.385,0.732,1.376,1.034,0.319,0.418,0.146,0.007,0.162,0.433,0.444,0.048,0.038,6.232,8.247,0.149,0.541,0.037
822998,2026-04-12,1:40,670764,Taylor Walls,Walls,S,H,TB ,NYY,9,3.58,3.23,0.693,1.057,0.95,0.27,0.468,0.15,0.012,0.063,0.324,0.351,0.151,0.124,5.392,6.981,0.061,0.524,0.115
822998,2026-04-12,1:40,676609,Jose Caballero,Caballero,R,A,NYY,TB ,7,3.964,3.568,0.691,1.171,1.087,0.309,0.415,0.17,0.009,0.097,0.383,0.391,0.354,0.293,6.773,8.793,0.094,0.523,0.262
822998,2026-04-12,1:40,691406,Junior Caminero,Caminero,R,H,TB ,NYY,2,4.358,3.91,0.917,1.532,1.025,0.356,0.564,0.219,0.005,0.129,0.478,0.485,0.059,0.048,6.993,9.179,0.123,0.62,0.047
822998,2026-04-12,1:40,700250,Ben Rice,Rice,L,A,NYY,TB ,4,4.46,3.893,0.887,1.61,0.899,0.462,0.519,0.183,0.018,0.168,0.572,0.5,0.032,0.024,7.485,9.967,0.156,0.609,0.024
822998,2026-04-12,1:40,802415,Chandler Simpson,Simpson,L,H,TB ,NYY,1,4.476,4.115,0.96,1.194,0.531,0.236,0.745,0.196,0.017,0.002,0.263,0.448,0.465,0.375,7.137,8.896,0.002,0.642,0.32
822998,2026-04-12,1:40,810938,Ben Williamson,Williamson,R,H,TB ,NYY,8,3.551,3.195,0.76,0.987,0.825,0.281,0.577,0.16,0.0,0.023,0.284,0.312,0.089,0.071,4.866,6.223,0.022,0.556,0.069
823075,2026-04-12,2:15,575929,Willson Contreras,Contreras,R,A,BOS,STL,3,4.556,3.868,0.939,1.598,0.906,0.587,0.572,0.214,0.015,0.138,0.571,0.558,0.06,0.052,7.983,10.654,0.131,0.641,0.051
823075,2026-04-12,2:15,596115,Trevor Story,Story,R,A,BOS,STL,5,4.367,3.945,0.93,1.507,0.805,0.319,0.583,0.222,0.02,0.105,0.514,0.48,0.191,0.16,7.497,9.775,0.102,0.636,0.149
823075,2026-04-12,2:15,665966,Carlos Narvaez,Narvaez,R,A,BOS,STL,8,3.918,3.429,0.771,1.196,0.71,0.398,0.529,0.15,0.0,0.092,0.428,0.438,0.029,0.025,5.907,7.831,0.088,0.556,0.025
823075,2026-04-12,2:15,669357,Nolan Gorman,Gorman,L,H,STL,BOS,5,4.217,3.533,0.759,1.373,1.17,0.599,0.43,0.187,0.002,0.141,0.544,0.488,0.034,0.028,7.047,9.545,0.135,0.559,0.028
823075,2026-04-12,2:15,671056,Ivan Herrera,Herrera,R,H,STL,BOS,2,4.467,3.708,0.995,1.532,0.643,0.659,0.674,0.213,0.0,0.108,0.447,0.601,0.084,0.067,7.915,10.462,0.103,0.662,0.066
823075,2026-04-12,2:15,676475,Alec Burleson,Burleson,L,H,STL,BOS,3,4.321,3.735,0.973,1.473,0.502,0.482,0.67,0.204,0.003,0.097,0.507,0.516,0.057,0.044,7.246,9.551,0.092,0.658,0.043
823075,2026-04-12,2:15,677800,Wilyer Abreu,Abreu,L,A,BOS,STL,4,4.334,3.779,0.927,1.55,0.792,0.46,0.574,0.213,0.011,0.129,0.585,0.503,0.098,0.078,7.653,10.154,0.12,0.644,0.077
823075,2026-04-12,2:15,678882,Ceddanne Rafaela,Rafaela,R,A,BOS,STL,9,3.924,3.577,0.913,1.347,0.618,0.257,0.632,0.19,0.028,0.063,0.404,0.441,0.188,0.155,6.675,8.565,0.061,0.626,0.147
823075,2026-04-12,2:15,680776,Jarren Duran,Duran,L,A,BOS,STL,2,4.728,4.121,0.975,1.58,0.872,0.497,0.625,0.202,0.042,0.106,0.496,0.587,0.251,0.204,8.461,11.067,0.103,0.648,0.185
823075,2026-04-12,2:15,686780,Pedro Pages,Pages,R,H,STL,BOS,8,3.645,3.299,0.753,1.161,0.837,0.269,0.505,0.165,0.006,0.077,0.396,0.357,0.02,0.017,5.285,6.917,0.075,0.557,0.017
823075,2026-04-12,2:15,687363,Victor Scott II,Scott II,L,H,STL,BOS,9,3.587,3.15,0.72,1.09,0.69,0.368,0.467,0.19,0.008,0.054,0.341,0.403,0.258,0.209,6.234,8.113,0.053,0.537,0.19
823075,2026-04-12,2:15,691023,Jordan Walker,Walker,R,H,STL,BOS,4,4.291,3.77,0.908,1.573,0.987,0.426,0.518,0.243,0.02,0.127,0.586,0.49,0.077,0.065,7.53,10.006,0.123,0.624,0.061
823075,2026-04-12,2:15,691026,Masyn Winn,Winn,R,H,STL,BOS,6,4.042,3.498,0.782,1.132,0.657,0.454,0.556,0.157,0.013,0.056,0.383,0.385,0.08,0.067,5.895,7.735,0.054,0.568,0.064
823075,2026-04-12,2:15,691785,Marcelo Mayer,Mayer,L,A,BOS,STL,6,4.227,3.745,0.819,1.291,0.888,0.393,0.546,0.163,0.02,0.09,0.448,0.43,0.041,0.033,6.213,8.188,0.086,0.591,0.032
823075,2026-04-12,2:15,695336,Thomas Saggese,Saggese,R,H,STL,BOS,7,4.009,3.589,0.793,1.155,0.852,0.323,0.556,0.174,0.0,0.063,0.396,0.363,0.043,0.034,5.5,7.187,0.06,0.573,0.034
823075,2026-04-12,2:15,701350,Roman Anthony,Anthony,L,A,BOS,STL,1,4.875,3.991,0.908,1.464,0.964,0.78,0.595,0.184,0.017,0.112,0.428,0.639,0.112,0.089,8.107,10.812,0.107,0.616,0.085
823075,2026-04-12,2:15,702332,Caleb Durbin,Durbin,R,A,BOS,STL,7,4.093,3.655,0.879,1.249,0.38,0.343,0.628,0.188,0.007,0.056,0.392,0.421,0.198,0.163,6.569,8.476,0.054,0.613,0.154
823075,2026-04-12,2:15,802139,JJ Wetherholt,Wetherholt,L,H,STL,BOS,1,4.699,4.063,0.827,1.311,0.989,0.527,0.52,0.219,0.0,0.088,0.375,0.574,0.195,0.167,7.321,9.661,0.086,0.585,0.157
823154,2026-04-12,4:10,514888,Jose Altuve,Altuve,R,A,HOU,SEA,3,4.246,3.858,0.881,1.437,0.822,0.283,0.592,0.151,0.008,0.13,0.428,0.436,0.134,0.106,6.717,8.689,0.123,0.605,0.101
823154,2026-04-12,4:10,572233,Christian Walker,Walker,R,A,HOU,SEA,6,4.109,3.749,0.865,1.552,1.091,0.276,0.532,0.152,0.007,0.173,0.493,0.429,0.034,0.029,6.692,8.757,0.163,0.602,0.029
823154,2026-04-12,4:10,621043,Carlos Correa,Correa,R,A,HOU,SEA,4,4.278,3.855,0.919,1.463,0.941,0.325,0.622,0.17,0.008,0.119,0.455,0.435,0.032,0.026,6.533,8.506,0.114,0.631,0.026
823154,2026-04-12,4:10,641487,J.P. Crawford,Crawford,L,H,SEA,HOU,8,3.895,3.175,0.725,1.124,0.804,0.642,0.484,0.155,0.016,0.07,0.364,0.448,0.033,0.026,6.096,8.159,0.069,0.542,0.026
823154,2026-04-12,4:10,647304,Josh Naylor,Naylor,L,H,SEA,HOU,4,4.269,3.816,0.969,1.463,0.754,0.344,0.688,0.173,0.002,0.106,0.522,0.45,0.068,0.055,6.913,9.022,0.099,0.655,0.054
823154,2026-04-12,4:10,663728,Cal Raleigh,Raleigh,S,H,SEA,HOU,2,4.495,3.661,0.669,1.351,1.37,0.742,0.351,0.134,0.003,0.181,0.522,0.554,0.035,0.027,7.322,10.036,0.168,0.498,0.026
823154,2026-04-12,4:10,665161,Jeremy Pena,Pena,R,A,HOU,SEA,1,4.642,4.284,1.012,1.651,0.995,0.241,0.69,0.158,0.013,0.151,0.391,0.534,0.158,0.126,7.44,9.508,0.141,0.655,0.12
823154,2026-04-12,4:10,668227,Randy Arozarena,Arozarena,R,H,SEA,HOU,5,4.205,3.5,0.782,1.239,1.15,0.612,0.527,0.151,0.009,0.096,0.429,0.46,0.149,0.123,6.981,9.263,0.093,0.572,0.116
823154,2026-04-12,4:10,670042,Luke Raley,Raley,L,H,SEA,HOU,6,4.059,3.496,0.712,1.295,1.324,0.487,0.426,0.136,0.004,0.146,0.476,0.459,0.067,0.055,6.569,8.807,0.138,0.535,0.053
823154,2026-04-12,4:10,670541,Yordan Alvarez,Alvarez,L,A,HOU,SEA,2,4.47,3.869,0.869,1.54,0.91,0.495,0.547,0.144,0.008,0.171,0.426,0.515,0.032,0.028,7.141,9.414,0.156,0.607,0.028
823154,2026-04-12,4:10,670623,Isaac Paredes,Paredes,R,A,HOU,SEA,5,4.143,3.684,0.812,1.386,0.855,0.358,0.501,0.178,0.003,0.13,0.444,0.429,0.019,0.016,6.259,8.255,0.123,0.583,0.015
823154,2026-04-12,4:10,673237,Yainer Diaz,Diaz,R,A,HOU,SEA,9,3.755,3.549,0.928,1.429,0.615,0.13,0.649,0.166,0.004,0.109,0.373,0.392,0.014,0.012,5.75,7.311,0.106,0.639,0.012
823154,2026-04-12,4:10,677594,Julio Rodriguez,Rodriguez,R,H,SEA,HOU,3,4.313,3.871,0.909,1.553,1.09,0.345,0.578,0.165,0.018,0.148,0.517,0.465,0.168,0.14,7.535,9.831,0.14,0.629,0.135
823154,2026-04-12,4:10,680977,Brendan Donovan,Donovan,L,H,SEA,HOU,1,4.563,3.865,1.041,1.583,0.654,0.585,0.736,0.176,0.018,0.11,0.434,0.613,0.037,0.032,7.757,10.175,0.104,0.679,0.031
823154,2026-04-12,4:10,686527,Dominic Canzone,Canzone,L,H,SEA,HOU,7,3.79,3.403,0.731,1.167,0.982,0.312,0.493,0.138,0.0,0.1,0.4,0.385,0.037,0.03,5.51,7.252,0.097,0.549,0.03
823154,2026-04-12,4:10,694388,Joey Loperfido,Loperfido,L,A,HOU,SEA,8,3.801,3.512,0.671,1.061,1.227,0.206,0.454,0.128,0.007,0.082,0.313,0.32,0.048,0.039,4.753,6.151,0.08,0.496,0.037
823154,2026-04-12,4:10,701358,Cam Smith,Smith,R,A,HOU,SEA,7,3.855,3.489,0.662,1.137,1.193,0.288,0.428,0.105,0.016,0.113,0.35,0.344,0.084,0.069,5.372,7.014,0.108,0.501,0.065
823154,2026-04-12,4:10,702284,Cole Young,Young,L,H,SEA,HOU,9,3.674,3.121,0.639,1.071,0.827,0.471,0.409,0.124,0.009,0.097,0.402,0.414,0.025,0.018,5.549,7.463,0.095,0.492,0.018
823317,2026-04-12,4:10,592518,Manny Machado,Machado,R,H,SD ,COL,4,4.226,3.691,0.939,1.523,0.854,0.439,0.641,0.151,0.007,0.14,0.521,0.52,0.075,0.061,7.397,9.739,0.133,0.64,0.059
823317,2026-04-12,4:10,593428,Xander Bogaerts,Bogaerts,R,H,SD ,COL,6,3.928,3.507,0.853,1.257,0.551,0.325,0.628,0.133,0.006,0.086,0.427,0.429,0.104,0.078,6.212,8.081,0.083,0.608,0.077
823317,2026-04-12,4:10,609280,Miguel Andujar,Andujar,R,H,SD ,COL,5,4.054,3.697,1.012,1.413,0.534,0.258,0.771,0.157,0.01,0.075,0.469,0.445,0.046,0.04,6.465,8.315,0.072,0.677,0.039
823317,2026-04-12,4:10,630105,Jake Cronenworth,Cronenworth,L,H,SD ,COL,8,3.667,3.17,0.741,1.122,0.719,0.42,0.539,0.104,0.018,0.081,0.389,0.4,0.037,0.028,5.639,7.431,0.078,0.556,0.027
823317,2026-04-12,4:10,650489,Willi Castro,Castro,S,A,COL,SD ,7,3.787,3.401,0.586,0.928,1.293,0.316,0.41,0.088,0.012,0.076,0.258,0.266,0.107,0.087,4.644,6.006,0.074,0.455,0.082
823317,2026-04-12,4:10,657656,Ramon Laureano,Laureano,R,H,SD ,COL,1,4.52,4.05,0.978,1.595,1.015,0.373,0.661,0.16,0.012,0.144,0.458,0.58,0.16,0.131,7.801,10.149,0.136,0.659,0.122
823317,2026-04-12,4:10,664034,Ty France,France,R,H,SD ,COL,7,3.872,3.517,0.925,1.338,0.615,0.26,0.689,0.145,0.005,0.086,0.442,0.409,0.026,0.018,6.001,7.754,0.084,0.64,0.018
823317,2026-04-12,4:10,665487,Fernando Tatis Jr.,Tatis Jr.,R,H,SD ,COL,2,4.335,3.759,0.894,1.426,0.935,0.469,0.615,0.148,0.008,0.122,0.426,0.546,0.279,0.223,7.875,10.263,0.118,0.623,0.2
823317,2026-04-12,4:10,666160,Mickey Moniak,Moniak,L,A,COL,SD ,2,4.271,3.979,0.721,1.335,1.289,0.2,0.429,0.119,0.024,0.149,0.367,0.359,0.097,0.08,5.819,7.521,0.138,0.528,0.076
823317,2026-04-12,4:10,666397,Edouard Julien,Julien,L,A,COL,SD ,1,4.276,3.679,0.675,1.073,1.481,0.513,0.466,0.111,0.005,0.092,0.252,0.352,0.049,0.038,5.345,6.997,0.091,0.516,0.038
823317,2026-04-12,4:10,669134,Luis Campusano,Campusano,R,H,SD ,COL,9,3.407,3.093,0.692,1.017,0.614,0.232,0.505,0.118,0.0,0.069,0.347,0.341,0.008,0.004,4.657,6.079,0.067,0.521,0.004
823317,2026-04-12,4:10,678662,Ezequiel Tovar,Tovar,R,A,COL,SD ,5,4.151,3.835,0.769,1.318,1.247,0.227,0.497,0.129,0.01,0.133,0.37,0.34,0.068,0.055,5.702,7.354,0.125,0.557,0.055
823317,2026-04-12,4:10,681198,TJ Rumfield,Rumfield,L,A,COL,SD ,4,4.102,3.665,0.612,0.92,1.163,0.348,0.435,0.109,0.004,0.063,0.269,0.283,0.04,0.031,4.474,5.836,0.061,0.469,0.03
823317,2026-04-12,4:10,686668,Brenton Doyle,Doyle,R,A,COL,SD ,8,3.672,3.338,0.588,0.948,1.203,0.257,0.403,0.091,0.011,0.082,0.273,0.274,0.176,0.143,4.902,6.308,0.08,0.465,0.134
823317,2026-04-12,4:10,687859,Troy Johnston,Johnston,L,A,COL,SD ,6,3.673,3.325,0.584,0.916,1.037,0.262,0.415,0.085,0.006,0.078,0.245,0.258,0.095,0.078,4.424,5.689,0.077,0.456,0.076
823317,2026-04-12,4:10,691720,Kyle Karros,Karros,R,A,COL,SD ,9,3.57,3.136,0.548,0.785,1.193,0.369,0.406,0.095,0.0,0.047,0.221,0.246,0.043,0.036,4.018,5.239,0.047,0.438,0.035
823317,2026-04-12,4:10,696100,Hunter Goodman,Goodman,R,A,COL,SD ,3,4.22,3.758,0.611,1.118,1.445,0.374,0.376,0.092,0.012,0.13,0.335,0.332,0.038,0.031,5.226,6.897,0.123,0.466,0.03
823317,2026-04-12,4:10,701538,Jackson Merrill,Merrill,L,H,SD ,COL,3,4.354,3.885,1.023,1.657,0.839,0.362,0.671,0.189,0.043,0.12,0.526,0.522,0.128,0.101,7.826,10.176,0.113,0.677,0.097
823479,2026-04-12,1:35,545121,Ildemaro Vargas,Vargas,S,A,ARI,PHI,7,4.335,3.937,1.104,1.505,0.469,0.284,0.848,0.172,0.022,0.062,0.442,0.426,0.058,0.052,6.762,8.589,0.061,0.704,0.05
823479,2026-04-12,1:35,547180,Bryce Harper,Harper,L,H,PHI,ARI,3,4.433,3.791,1.007,1.753,0.789,0.538,0.631,0.188,0.005,0.183,0.618,0.596,0.101,0.078,8.596,11.413,0.166,0.669,0.076
823479,2026-04-12,1:35,571448,Nolan Arenado,Arenado,R,A,ARI,PHI,6,4.174,3.728,0.936,1.315,0.543,0.346,0.693,0.166,0.016,0.06,0.41,0.414,0.034,0.026,6.113,7.9,0.059,0.638,0.026
823479,2026-04-12,1:35,592663,J.T. Realmuto,Realmuto,R,H,PHI,ARI,8,3.79,3.347,0.834,1.338,0.705,0.36,0.561,0.151,0.013,0.109,0.461,0.423,0.085,0.071,6.476,8.488,0.105,0.599,0.068
823479,2026-04-12,1:35,606466,Ketel Marte,Marte,S,A,ARI,PHI,1,4.784,4.172,1.022,1.619,0.786,0.493,0.705,0.162,0.031,0.125,0.439,0.597,0.062,0.049,7.718,10.077,0.116,0.668,0.049
823479,2026-04-12,1:35,607208,Trea Turner,Turner,R,H,PHI,ARI,1,4.592,4.139,1.069,1.605,0.833,0.357,0.744,0.204,0.03,0.091,0.388,0.62,0.258,0.212,8.191,10.502,0.087,0.692,0.195
823479,2026-04-12,1:35,656941,Kyle Schwarber,Schwarber,L,H,PHI,ARI,2,4.542,3.534,0.772,1.624,1.204,0.922,0.384,0.151,0.008,0.229,0.57,0.71,0.039,0.03,8.812,12.087,0.207,0.563,0.03
823479,2026-04-12,1:35,664761,Alec Bohm,Bohm,R,H,PHI,ARI,4,4.366,3.823,1.082,1.516,0.539,0.434,0.791,0.209,0.023,0.06,0.525,0.496,0.038,0.031,7.264,9.464,0.059,0.695,0.031
823479,2026-04-12,1:35,666969,Adolis Garcia,Garcia,R,H,PHI,ARI,6,4.059,3.573,0.852,1.378,0.888,0.389,0.557,0.178,0.005,0.113,0.5,0.472,0.131,0.104,6.968,9.186,0.109,0.599,0.099
823479,2026-04-12,1:35,669016,Brandon Marsh,Marsh,L,H,PHI,ARI,7,4.064,3.621,0.846,1.458,0.992,0.355,0.535,0.15,0.022,0.139,0.553,0.462,0.099,0.079,7.061,9.33,0.131,0.611,0.076
823479,2026-04-12,1:35,672515,Gabriel Moreno,Moreno,R,A,ARI,PHI,4,4.487,3.961,0.938,1.434,0.81,0.413,0.658,0.166,0.011,0.103,0.56,0.465,0.059,0.05,7.044,9.286,0.098,0.636,0.048
823479,2026-04-12,1:35,672695,Geraldo Perdomo,Perdomo,S,A,ARI,PHI,3,4.577,3.794,1.066,1.632,0.567,0.678,0.766,0.156,0.023,0.121,0.541,0.57,0.181,0.148,8.791,11.534,0.116,0.683,0.14
823479,2026-04-12,1:35,677950,Alek Thomas,Thomas,L,A,ARI,PHI,8,3.869,3.548,0.874,1.214,0.849,0.232,0.671,0.126,0.014,0.062,0.383,0.392,0.092,0.072,5.751,7.364,0.06,0.599,0.069
823479,2026-04-12,1:35,678489,Jorge Barrosa,Barrosa,S,A,ARI,PHI,9,4.03,3.652,0.782,1.143,1.022,0.286,0.556,0.154,0.006,0.065,0.375,0.403,0.076,0.061,5.572,7.255,0.064,0.559,0.06
823479,2026-04-12,1:35,680728,Adrian Del Castillo,Del Castillo,L,A,ARI,PHI,5,4.127,3.715,0.799,1.236,1.235,0.328,0.558,0.143,0.0,0.098,0.468,0.4,0.027,0.022,5.872,7.744,0.092,0.574,0.022
823479,2026-04-12,1:35,681082,Bryson Stott,Stott,L,H,PHI,ARI,5,4.257,3.696,0.926,1.432,0.537,0.457,0.643,0.164,0.016,0.103,0.525,0.518,0.207,0.167,7.745,10.165,0.099,0.634,0.155
823479,2026-04-12,1:35,682998,Corbin Carroll,Carroll,L,A,ARI,PHI,2,4.699,3.954,0.952,1.566,1.074,0.64,0.647,0.128,0.047,0.13,0.44,0.624,0.288,0.228,8.809,11.522,0.121,0.644,0.204
823479,2026-04-12,1:35,702222,Justin Crawford,Crawford,L,H,PHI,ARI,9,3.738,3.397,0.756,1.095,0.789,0.251,0.543,0.147,0.004,0.061,0.347,0.384,0.067,0.055,5.251,6.812,0.06,0.559,0.054
823642,2026-04-12,1:40,543760,Marcus Semien,Semien,R,H,NYM,ATH,7,3.905,3.339,0.728,1.146,0.679,0.48,0.495,0.134,0.01,0.088,0.384,0.377,0.095,0.078,5.991,7.898,0.086,0.546,0.077
823642,2026-04-12,1:40,593871,Jorge Polanco,Polanco,S,H,NYM,ATH,3,4.265,3.707,0.798,1.301,0.79,0.446,0.523,0.153,0.014,0.107,0.438,0.414,0.063,0.051,6.371,8.403,0.104,0.581,0.05
823642,2026-04-12,1:40,596019,Francisco Lindor,Lindor,S,H,NYM,ATH,1,4.493,3.902,0.969,1.633,0.783,0.489,0.624,0.18,0.012,0.154,0.454,0.584,0.164,0.134,8.124,10.628,0.142,0.654,0.126
823642,2026-04-12,1:40,643446,Jeff McNeil,McNeil,L,A,ATH,NYM,6,4.058,3.555,0.763,1.176,0.804,0.407,0.517,0.149,0.026,0.071,0.355,0.349,0.044,0.035,5.61,7.32,0.07,0.554,0.035
823642,2026-04-12,1:40,666126,Carlos Cortes,Cortes,L,A,ATH,NYM,8,3.824,3.372,0.677,1.068,0.964,0.366,0.452,0.135,0.016,0.075,0.328,0.296,0.031,0.025,5.009,6.548,0.073,0.516,0.024
823642,2026-04-12,1:40,666182,Bo Bichette,Bichette,R,H,NYM,ATH,2,4.399,3.897,1.008,1.452,0.648,0.395,0.714,0.214,0.009,0.07,0.394,0.463,0.113,0.089,6.938,8.933,0.069,0.668,0.083
823642,2026-04-12,1:40,668901,Mark Vientos,Vientos,R,H,NYM,ATH,6,3.816,3.434,0.698,1.112,1.01,0.306,0.465,0.14,0.006,0.088,0.358,0.33,0.016,0.011,5.06,6.631,0.083,0.526,0.011
823642,2026-04-12,1:40,669127,Shea Langeliers,Langeliers,R,A,ATH,NYM,3,4.405,3.958,0.77,1.294,1.389,0.354,0.463,0.193,0.01,0.104,0.386,0.373,0.056,0.045,5.919,7.753,0.1,0.556,0.044
823642,2026-04-12,1:40,671732,Lawrence Butler,Butler,L,A,ATH,NYM,1,4.627,3.932,0.734,1.213,1.727,0.613,0.465,0.161,0.007,0.101,0.297,0.472,0.239,0.205,7.057,9.258,0.097,0.537,0.187
823642,2026-04-12,1:40,672016,Denzel Clarke,Clarke,R,A,ATH,NYM,9,3.498,3.121,0.493,0.76,1.428,0.316,0.33,0.104,0.012,0.046,0.231,0.248,0.096,0.078,4.051,5.298,0.045,0.4,0.076
823642,2026-04-12,1:40,673357,Luis Robert,Robert,R,H,NYM,ATH,4,4.171,3.541,0.779,1.209,0.986,0.536,0.527,0.162,0.003,0.088,0.415,0.412,0.237,0.183,6.924,9.099,0.083,0.573,0.17
823642,2026-04-12,1:40,682626,Francisco Alvarez,Alvarez,R,H,NYM,ATH,9,3.53,3.033,0.661,1.082,0.863,0.42,0.42,0.148,0.007,0.086,0.351,0.385,0.018,0.014,5.301,7.051,0.082,0.51,0.014
823642,2026-04-12,1:40,683146,Brett Baty,Baty,L,H,NYM,ATH,5,4.094,3.595,0.786,1.183,1.05,0.417,0.546,0.157,0.008,0.075,0.419,0.363,0.055,0.044,5.856,7.696,0.074,0.571,0.043
823642,2026-04-12,1:40,691016,Tyler Soderstrom,Soderstrom,L,A,ATH,NYM,4,4.278,3.722,0.773,1.153,1.289,0.462,0.52,0.187,0.004,0.062,0.346,0.352,0.067,0.05,5.714,7.482,0.059,0.553,0.048
823642,2026-04-12,1:40,691777,Max Muncy,Muncy,R,A,ATH,NYM,7,4.023,3.601,0.668,1.107,1.468,0.338,0.432,0.131,0.007,0.098,0.35,0.312,0.041,0.034,5.158,6.764,0.095,0.501,0.034
823642,2026-04-12,1:40,701762,Nick Kurtz,Kurtz,L,A,ATH,NYM,2,4.451,3.617,0.607,1.047,1.64,0.749,0.372,0.129,0.008,0.098,0.334,0.408,0.041,0.034,5.96,8.067,0.094,0.472,0.034
823642,2026-04-12,1:40,701807,Carson Benge,Benge,L,H,NYM,ATH,8,3.749,3.317,0.608,0.859,0.99,0.348,0.443,0.122,0.0,0.043,0.27,0.337,0.256,0.212,5.342,6.92,0.043,0.48,0.197
823642,2026-04-12,1:40,805779,Jacob Wilson,Wilson,R,A,ATH,NYM,5,4.279,3.924,0.891,1.239,0.723,0.251,0.642,0.195,0.006,0.047,0.361,0.335,0.045,0.035,5.493,7.019,0.047,0.613,0.035
823804,2026-04-12,2:10,592885,Christian Yelich,Yelich,L,H,MIL,WAS,3,4.388,3.742,0.988,1.67,0.853,0.555,0.63,0.186,0.021,0.151,0.576,0.581,0.156,0.132,8.584,11.341,0.144,0.659,0.126
823804,2026-04-12,2:10,641343,Jake Bauers,Bauers,L,H,MIL,WAS,4,4.197,3.457,0.794,1.541,0.931,0.651,0.43,0.167,0.012,0.186,0.636,0.567,0.133,0.111,8.333,11.278,0.171,0.564,0.106
823804,2026-04-12,2:10,660688,Keibert Ruiz,Ruiz,S,A,WAS,MIL,8,3.739,3.475,0.805,1.135,0.472,0.17,0.6,0.141,0.0,0.063,0.332,0.331,0.035,0.03,4.952,6.314,0.063,0.567,0.03
823804,2026-04-12,2:10,661388,William Contreras,Contreras,R,H,MIL,WAS,2,4.463,3.76,1.034,1.816,0.617,0.602,0.62,0.225,0.009,0.18,0.587,0.661,0.042,0.035,8.729,11.632,0.168,0.686,0.034
823804,2026-04-12,2:10,663368,Blake Perkins,Perkins,S,H,MIL,WAS,8,3.882,3.355,0.706,1.107,0.883,0.439,0.472,0.146,0.007,0.08,0.392,0.422,0.193,0.157,6.299,8.302,0.079,0.519,0.149
823804,2026-04-12,2:10,666152,David Hamilton,Hamilton,L,H,MIL,WAS,7,3.728,3.255,0.698,1.275,0.663,0.38,0.387,0.173,0.01,0.128,0.501,0.447,0.393,0.318,7.633,10.058,0.121,0.516,0.275
823804,2026-04-12,2:10,668930,Brice Turang,Turang,L,H,MIL,WAS,1,4.559,3.821,0.872,1.471,1.016,0.642,0.542,0.185,0.018,0.126,0.405,0.643,0.291,0.24,8.535,11.25,0.118,0.61,0.216
823804,2026-04-12,2:10,669003,Garrett Mitchell,Mitchell,L,H,MIL,WAS,5,4.017,3.395,0.675,1.256,1.297,0.546,0.383,0.143,0.008,0.141,0.511,0.482,0.261,0.209,7.462,9.995,0.131,0.511,0.191
823804,2026-04-12,2:10,671277,Luis Garcia,Garcia,L,A,WAS,MIL,2,4.507,4.19,0.983,1.753,0.92,0.215,0.605,0.171,0.019,0.187,0.523,0.505,0.121,0.099,7.677,9.947,0.173,0.657,0.093
823804,2026-04-12,2:10,677588,Jose Tena,Tena,L,A,WAS,MIL,7,3.846,3.438,0.706,1.111,1.124,0.333,0.49,0.118,0.009,0.089,0.331,0.348,0.124,0.098,5.538,7.188,0.085,0.518,0.095
823804,2026-04-12,2:10,682928,C.J. Abrams,Abrams,L,A,WAS,MIL,5,4.172,3.775,0.808,1.415,1.013,0.31,0.49,0.16,0.024,0.133,0.43,0.404,0.224,0.182,6.994,9.067,0.127,0.585,0.167
823804,2026-04-12,2:10,683083,Nasim Nunez,Nunez,S,A,WAS,MIL,6,4.03,3.584,0.616,0.95,1.138,0.357,0.426,0.117,0.0,0.072,0.298,0.343,0.335,0.276,5.964,7.717,0.07,0.472,0.245
823804,2026-04-12,2:10,686217,Sal Frelick,Frelick,L,H,MIL,WAS,6,4.091,3.564,0.886,1.379,0.521,0.436,0.59,0.189,0.017,0.09,0.493,0.467,0.13,0.107,7.078,9.307,0.086,0.619,0.103
823804,2026-04-12,2:10,687401,Joey Ortiz,Ortiz,R,H,MIL,WAS,9,3.498,3.177,0.789,1.112,0.443,0.242,0.571,0.157,0.02,0.042,0.344,0.387,0.112,0.092,5.484,7.06,0.042,0.57,0.089
823804,2026-04-12,2:10,691781,Brady House,House,R,A,WAS,MIL,3,4.283,3.898,0.826,1.32,1.218,0.29,0.559,0.153,0.0,0.114,0.392,0.391,0.085,0.067,6.064,7.859,0.108,0.579,0.065
823804,2026-04-12,2:10,695578,James Wood,Wood,L,A,WAS,MIL,1,4.534,3.86,0.862,1.556,1.424,0.596,0.528,0.15,0.006,0.177,0.439,0.568,0.152,0.129,8.009,10.584,0.163,0.595,0.122
823804,2026-04-12,2:10,695734,Daylen Lile,Lile,L,A,WAS,MIL,4,4.27,3.892,0.904,1.436,0.851,0.278,0.628,0.133,0.03,0.113,0.444,0.402,0.143,0.115,6.745,8.676,0.107,0.622,0.109
823804,2026-04-12,2:10,696285,Jacob Young,Young,R,A,WAS,MIL,9,3.422,3.129,0.675,1.008,0.754,0.215,0.458,0.157,0.006,0.055,0.271,0.317,0.207,0.173,5.22,6.667,0.053,0.511,0.162
823966,2026-04-12,4:10,518692,Freddie Freeman,Freeman,L,H,LAD,TEX,4,4.046,3.649,0.839,1.458,0.874,0.31,0.519,0.166,0.007,0.146,0.486,0.419,0.063,0.052,6.6,8.66,0.139,0.593,0.05
823966,2026-04-12,4:10,571970,Max Muncy,Muncy,L,H,LAD,TEX,5,4.04,3.523,0.686,1.281,1.14,0.429,0.398,0.132,0.007,0.15,0.418,0.413,0.037,0.031,6.081,8.102,0.138,0.506,0.03
823966,2026-04-12,4:10,592626,Joc Pederson,Pederson,L,A,TEX,LAD,5,4.062,3.395,0.702,1.264,0.843,0.577,0.411,0.15,0.012,0.129,0.465,0.439,0.061,0.043,6.549,8.814,0.124,0.513,0.042
823966,2026-04-12,4:10,606192,Teoscar Hernandez,Hernandez,R,H,LAD,TEX,6,3.864,3.514,0.755,1.297,1.065,0.268,0.489,0.125,0.007,0.134,0.412,0.352,0.095,0.08,5.954,7.744,0.128,0.555,0.078
823966,2026-04-12,4:10,607043,Brandon Nimmo,Nimmo,L,A,TEX,LAD,1,4.853,4.185,0.943,1.556,0.985,0.562,0.602,0.193,0.024,0.124,0.444,0.625,0.095,0.077,7.852,10.373,0.118,0.638,0.075
823966,2026-04-12,4:10,608369,Corey Seager,Seager,L,A,TEX,LAD,3,4.644,3.834,0.965,1.716,0.984,0.712,0.582,0.194,0.009,0.18,0.615,0.572,0.044,0.034,8.556,11.474,0.163,0.647,0.034
823966,2026-04-12,4:10,643376,Danny Jansen,Jansen,R,A,TEX,LAD,7,4.243,3.588,0.701,1.192,1.116,0.57,0.431,0.159,0.001,0.11,0.416,0.44,0.018,0.013,6.114,8.229,0.106,0.524,0.013
823966,2026-04-12,4:10,660271,Shohei Ohtani,Ohtani,L,H,LAD,TEX,1,4.487,3.909,0.849,1.891,1.402,0.488,0.412,0.12,0.03,0.288,0.52,0.623,0.214,0.179,9.105,12.025,0.259,0.602,0.162
823966,2026-04-12,4:10,663656,Kyle Tucker,Tucker,L,H,LAD,TEX,2,4.275,3.737,0.793,1.276,0.981,0.451,0.526,0.151,0.013,0.102,0.32,0.458,0.234,0.192,6.875,8.916,0.099,0.569,0.174
823966,2026-04-12,4:10,669257,Will Smith,Smith,R,H,LAD,TEX,3,4.22,3.563,0.72,1.237,1.035,0.57,0.457,0.132,0.009,0.122,0.39,0.426,0.049,0.039,6.294,8.385,0.116,0.541,0.039
823966,2026-04-12,4:10,669394,Jake Burger,Burger,R,A,TEX,LAD,4,4.494,4.152,0.918,1.618,1.176,0.254,0.549,0.197,0.012,0.16,0.627,0.459,0.037,0.029,7.148,9.45,0.15,0.633,0.028
823966,2026-04-12,4:10,669701,Josh Smith,Smith,L,A,TEX,LAD,8,4.033,3.426,0.766,1.206,0.699,0.512,0.503,0.168,0.013,0.082,0.405,0.43,0.102,0.082,6.376,8.438,0.079,0.563,0.08
823966,2026-04-12,4:10,673962,Josh Jung,Jung,R,A,TEX,LAD,9,3.928,3.533,0.793,1.274,0.908,0.306,0.51,0.177,0.013,0.092,0.439,0.403,0.034,0.025,5.87,7.719,0.088,0.573,0.025
823966,2026-04-12,4:10,681624,Andy Pages,Pages,R,H,LAD,TEX,7,3.794,3.47,0.724,1.195,0.976,0.231,0.46,0.159,0.003,0.102,0.384,0.294,0.081,0.066,5.364,6.955,0.099,0.542,0.063
823966,2026-04-12,4:10,690976,Alex Freeland,Freeland,S,H,LAD,TEX,9,3.431,3.071,0.472,0.768,1.266,0.297,0.307,0.096,0.007,0.062,0.214,0.289,0.033,0.03,3.825,5.046,0.061,0.385,0.029
823966,2026-04-12,4:10,694497,Evan Carter,Carter,L,A,TEX,LAD,6,4.157,3.482,0.652,1.063,0.981,0.583,0.418,0.14,0.013,0.082,0.355,0.422,0.227,0.192,6.554,8.685,0.079,0.499,0.178
823966,2026-04-12,4:10,694671,Wyatt Langford,Langford,R,A,TEX,LAD,2,4.779,3.918,0.884,1.484,1.151,0.764,0.569,0.167,0.01,0.138,0.466,0.627,0.273,0.221,8.821,11.711,0.129,0.606,0.201
823966,2026-04-12,4:10,808975,Hyeseong Kim,Kim,L,H,LAD,TEX,8,3.422,3.175,0.506,0.785,1.231,0.176,0.346,0.098,0.004,0.058,0.228,0.229,0.154,0.133,4.07,5.215,0.057,0.408,0.125
824126,2026-04-12,2:10,521692,Salvador Perez,Perez,R,H,KC ,CHW,4,4.469,3.986,1.051,2.005,0.836,0.369,0.591,0.211,0.003,0.246,0.798,0.628,0.02,0.017,8.986,12.029,0.221,0.69,0.017
824126,2026-04-12,2:10,656537,Derek Hill,Hill,R,A,CHW,KC ,9,3.753,3.41,0.788,1.314,1.004,0.264,0.517,0.131,0.023,0.116,0.408,0.41,0.173,0.143,6.434,8.332,0.107,0.566,0.134
824126,2026-04-12,2:10,663697,Jonathan India,India,R,H,KC ,CHW,6,4.178,3.266,0.706,1.207,0.835,0.824,0.438,0.149,0.003,0.115,0.449,0.55,0.093,0.075,7.258,9.872,0.112,0.536,0.072
824126,2026-04-12,2:10,664728,Kyle Isbel,Isbel,L,H,KC ,CHW,9,3.592,3.07,0.76,1.134,0.559,0.44,0.542,0.127,0.028,0.064,0.434,0.472,0.107,0.088,6.249,8.276,0.063,0.564,0.085
824126,2026-04-12,2:10,672580,Maikel Garcia,Garcia,R,H,KC ,CHW,1,4.685,3.832,1.013,1.481,0.582,0.748,0.74,0.16,0.028,0.084,0.489,0.728,0.39,0.32,9.613,12.643,0.082,0.669,0.281
824126,2026-04-12,2:10,672820,Lenyn Sosa,Sosa,R,A,CHW,KC ,2,4.593,4.189,1.098,1.996,0.849,0.299,0.647,0.227,0.001,0.223,0.61,0.6,0.034,0.027,8.471,11.107,0.204,0.688,0.027
824126,2026-04-12,2:10,677951,Bobby Witt Jr.,Witt Jr.,R,H,KC ,CHW,2,4.554,3.841,1.019,1.754,0.782,0.609,0.65,0.168,0.037,0.164,0.676,0.712,0.356,0.287,10.156,13.453,0.153,0.666,0.253
824126,2026-04-12,2:10,678246,Miguel Vargas,Vargas,R,A,CHW,KC ,4,4.373,3.692,0.944,1.606,0.68,0.572,0.612,0.157,0.018,0.156,0.505,0.535,0.084,0.065,7.879,10.403,0.147,0.64,0.064
824126,2026-04-12,2:10,682668,Luisangel Acuna,Acuna,R,A,CHW,KC ,8,3.895,3.517,0.794,1.169,0.586,0.285,0.565,0.155,0.002,0.072,0.329,0.406,0.177,0.147,5.984,7.699,0.069,0.57,0.135
824126,2026-04-12,2:10,686469,Vinnie Pasquantino,Pasquantino,L,H,KC ,CHW,3,4.561,3.924,1.057,2.001,0.721,0.529,0.604,0.201,0.012,0.24,0.798,0.676,0.023,0.017,9.402,12.649,0.217,0.69,0.017
824126,2026-04-12,2:10,686555,Isaac Collins,Collins,S,H,KC ,CHW,8,4.021,3.221,0.675,1.168,0.941,0.718,0.414,0.136,0.018,0.107,0.491,0.557,0.212,0.174,7.538,10.202,0.102,0.518,0.159
824126,2026-04-12,2:10,695020,Tanner Murray,Murray,R,A,CHW,KC ,7,3.823,3.543,0.651,1.049,1.087,0.194,0.442,0.115,0.0,0.094,0.35,0.322,0.036,0.029,4.721,6.159,0.092,0.491,0.029
824126,2026-04-12,2:10,695506,Jac Caglianone,Caglianone,L,H,KC ,CHW,7,4.039,3.394,0.754,1.312,1.031,0.561,0.468,0.148,0.005,0.133,0.51,0.534,0.036,0.03,6.875,9.291,0.127,0.551,0.03
824126,2026-04-12,2:10,695600,Carter Jensen,Jensen,L,H,KC ,CHW,5,4.255,3.535,0.793,1.425,1.15,0.637,0.486,0.144,0.0,0.163,0.539,0.566,0.026,0.021,7.392,10.007,0.154,0.583,0.021
824126,2026-04-12,2:10,695657,Colson Montgomery,Montgomery,L,A,CHW,KC ,5,4.263,3.766,0.808,1.618,1.096,0.403,0.425,0.169,0.002,0.213,0.6,0.511,0.017,0.016,7.365,9.893,0.195,0.579,0.016
824126,2026-04-12,2:10,700337,Edgar Quero,Quero,S,A,CHW,KC ,6,4.194,3.755,0.918,1.36,0.624,0.34,0.637,0.2,0.0,0.081,0.408,0.384,0.011,0.009,6.027,7.81,0.078,0.639,0.009
824126,2026-04-12,2:10,805367,Chase Meidroth,Meidroth,R,A,CHW,KC ,1,4.676,4.074,0.945,1.372,0.554,0.489,0.691,0.168,0.0,0.086,0.363,0.545,0.104,0.083,6.984,9.096,0.084,0.637,0.079
824126,2026-04-12,2:10,808959,Munetaka Murakami,Murakami,L,A,CHW,KC ,3,4.487,3.92,0.747,1.392,1.222,0.475,0.437,0.141,0.0,0.168,0.461,0.486,0.038,0.027,6.677,8.931,0.156,0.552,0.027
824293,2026-04-12,1:40,596103,Austin Slater,Slater,R,A,MIA,DET,1,4.201,3.849,0.756,1.198,1.52,0.276,0.505,0.145,0.024,0.083,0.283,0.391,0.098,0.077,5.545,7.127,0.081,0.555,0.073
824293,2026-04-12,1:40,650402,Gleyber Torres,Torres,R,H,DET,MIA,3,4.207,3.608,0.862,1.184,0.633,0.498,0.641,0.169,0.002,0.05,0.343,0.406,0.089,0.069,6.124,7.964,0.048,0.605,0.067
824293,2026-04-12,1:40,656716,Zach McKinstry,McKinstry,L,H,DET,MIA,7,3.777,3.388,0.719,1.073,0.624,0.302,0.507,0.126,0.033,0.054,0.335,0.37,0.202,0.167,5.8,7.482,0.054,0.543,0.157
824293,2026-04-12,1:40,669364,Xavier Edwards,Edwards,S,A,MIA,DET,7,3.916,3.564,0.963,1.343,0.651,0.258,0.717,0.161,0.036,0.049,0.366,0.361,0.214,0.176,6.584,8.294,0.048,0.647,0.163
824293,2026-04-12,1:40,672640,Otto Lopez,Lopez,R,A,MIA,DET,4,4.28,3.953,1.025,1.417,0.733,0.225,0.765,0.19,0.009,0.062,0.424,0.398,0.138,0.111,6.577,8.348,0.061,0.672,0.108
824293,2026-04-12,1:40,672761,Wenceel Perez,Perez,S,H,DET,MIA,9,3.57,3.229,0.723,1.118,0.7,0.263,0.504,0.12,0.022,0.077,0.368,0.347,0.105,0.082,5.426,7.036,0.076,0.54,0.079
824293,2026-04-12,1:40,679529,Spencer Torkelson,Torkelson,R,H,DET,MIA,8,3.673,3.136,0.663,1.069,0.835,0.466,0.415,0.167,0.003,0.077,0.346,0.374,0.021,0.017,5.337,7.113,0.075,0.515,0.017
824293,2026-04-12,1:40,681393,Connor Norby,Norby,R,A,MIA,DET,6,4.083,3.676,0.689,1.048,1.463,0.324,0.471,0.145,0.002,0.07,0.316,0.338,0.062,0.049,5.058,6.598,0.068,0.521,0.048
824293,2026-04-12,1:40,681481,Kerry Carpenter,Carpenter,L,H,DET,MIA,4,4.091,3.626,0.774,1.245,0.898,0.375,0.514,0.145,0.018,0.097,0.449,0.402,0.035,0.029,5.98,7.898,0.093,0.562,0.029
824293,2026-04-12,1:40,681715,Heriberto Hernandez,Hernandez,R,A,MIA,DET,5,4.199,3.784,0.783,1.231,1.343,0.327,0.522,0.162,0.011,0.088,0.379,0.389,0.033,0.026,5.664,7.401,0.086,0.557,0.025
824293,2026-04-12,1:40,682663,Agustin Ramirez,Ramirez,R,A,MIA,DET,2,4.455,4.059,0.957,1.428,1.145,0.293,0.673,0.185,0.01,0.088,0.366,0.439,0.119,0.093,6.572,8.406,0.085,0.644,0.091
824293,2026-04-12,1:40,682985,Riley Greene,Greene,L,H,DET,MIA,5,4.024,3.512,0.785,1.292,0.813,0.433,0.516,0.143,0.016,0.11,0.453,0.406,0.039,0.034,6.252,8.266,0.105,0.571,0.034
824293,2026-04-12,1:40,690993,Colt Keith,Keith,L,H,DET,MIA,1,4.412,3.911,0.826,1.269,0.723,0.395,0.566,0.161,0.015,0.084,0.361,0.457,0.043,0.036,6.069,7.934,0.081,0.585,0.035
824293,2026-04-12,1:40,691277,Deyvison De Los Santos,De Los Santos,R,A,MIA,DET,8,3.498,3.247,0.592,0.899,1.343,0.171,0.395,0.142,0.0,0.055,0.286,0.254,0.037,0.029,4.012,5.198,0.054,0.451,0.028
824293,2026-04-12,1:40,691594,Javier Sanoja,Sanoja,R,A,MIA,DET,9,3.687,3.424,0.819,1.122,0.593,0.168,0.609,0.152,0.02,0.037,0.315,0.312,0.085,0.069,5.058,6.389,0.036,0.577,0.066
824293,2026-04-12,1:40,693307,Dillon Dingler,Dingler,R,H,DET,MIA,6,3.935,3.518,0.73,1.158,0.781,0.324,0.474,0.161,0.016,0.079,0.368,0.364,0.01,0.008,5.292,6.947,0.076,0.544,0.008
824293,2026-04-12,1:40,805300,Jakob Marsee,Marsee,L,A,MIA,DET,3,4.381,3.937,0.789,1.162,1.179,0.349,0.551,0.159,0.022,0.057,0.331,0.368,0.265,0.211,6.343,8.135,0.055,0.57,0.191
824293,2026-04-12,1:40,805808,Kevin McGonigle,McGonigle,L,H,DET,MIA,2,4.405,3.91,0.861,1.229,0.727,0.389,0.618,0.173,0.014,0.056,0.321,0.418,0.095,0.077,6.028,7.776,0.055,0.605,0.073
824533,2026-04-12,1:40,545361,Mike Trout,Trout,R,A,LAA,CIN,2,4.56,3.732,0.797,1.413,1.195,0.736,0.503,0.125,0.016,0.153,0.426,0.544,0.134,0.103,7.719,10.296,0.14,0.576,0.1
824533,2026-04-12,1:40,553993,Eugenio Suarez,Suarez,R,H,CIN,LAA,5,4.198,3.614,0.804,1.436,1.258,0.508,0.467,0.185,0.008,0.144,0.527,0.493,0.022,0.016,6.964,9.35,0.136,0.579,0.016
824533,2026-04-12,1:40,600869,Jeimer Candelario,Candelario,S,A,LAA,CIN,8,4.039,3.629,0.769,1.339,1.116,0.326,0.49,0.126,0.012,0.14,0.449,0.383,0.043,0.033,6.079,7.989,0.132,0.558,0.032
824533,2026-04-12,1:40,624585,Jorge Soler,Soler,R,A,LAA,CIN,4,4.336,3.675,0.745,1.253,1.198,0.572,0.484,0.136,0.002,0.123,0.429,0.447,0.026,0.021,6.377,8.533,0.12,0.548,0.021
824533,2026-04-12,1:40,660162,Yoan Moncada,Moncada,S,A,LAA,CIN,5,4.163,3.531,0.731,1.272,1.145,0.55,0.458,0.131,0.015,0.127,0.445,0.418,0.041,0.034,6.412,8.564,0.122,0.543,0.033
824533,2026-04-12,1:40,663647,Ke'Bryan Hayes,Hayes,R,H,CIN,LAA,9,3.615,3.078,0.715,1.007,0.646,0.451,0.53,0.123,0.016,0.045,0.338,0.374,0.091,0.074,5.486,7.197,0.044,0.538,0.073
824533,2026-04-12,1:40,663886,Tyler Stephenson,Stephenson,R,H,CIN,LAA,8,3.845,3.21,0.632,1.128,1.246,0.558,0.379,0.131,0.002,0.12,0.433,0.423,0.013,0.011,5.892,7.991,0.115,0.491,0.01
824533,2026-04-12,1:40,666176,Jo Adell,Adell,R,A,LAA,CIN,3,4.478,3.988,0.928,1.586,1.002,0.382,0.607,0.147,0.012,0.163,0.507,0.483,0.097,0.078,7.407,9.69,0.15,0.634,0.077
824533,2026-04-12,1:40,666181,Will Benson,Benson,L,H,CIN,LAA,7,3.807,3.231,0.733,1.274,1.108,0.5,0.452,0.142,0.017,0.122,0.442,0.447,0.135,0.109,6.743,8.953,0.116,0.545,0.103
824533,2026-04-12,1:40,668715,Spencer Steer,Steer,R,H,CIN,LAA,6,4.084,3.508,0.823,1.36,1.022,0.489,0.547,0.138,0.015,0.123,0.458,0.485,0.083,0.068,6.883,9.108,0.116,0.593,0.065
824533,2026-04-12,1:40,669326,Bryce Teodosio,Teodosio,R,A,LAA,CIN,9,3.447,3.18,0.563,0.858,1.031,0.2,0.394,0.101,0.011,0.058,0.249,0.286,0.224,0.184,4.736,6.062,0.058,0.442,0.169
824533,2026-04-12,1:40,670770,TJ Friedl,Friedl,L,H,CIN,LAA,1,4.61,3.856,0.851,1.32,0.975,0.653,0.597,0.136,0.024,0.095,0.419,0.544,0.119,0.095,7.317,9.696,0.091,0.596,0.089
824533,2026-04-12,1:40,672724,Oswald Peraza,Peraza,R,A,LAA,CIN,6,4.096,3.708,0.771,1.163,1.186,0.297,0.541,0.15,0.0,0.081,0.378,0.359,0.155,0.128,5.885,7.619,0.079,0.565,0.119
824533,2026-04-12,1:40,680574,Matt McLain,McLain,R,H,CIN,LAA,2,4.51,3.748,0.817,1.328,1.271,0.672,0.531,0.164,0.02,0.103,0.413,0.497,0.17,0.141,7.466,9.885,0.097,0.596,0.131
824533,2026-04-12,1:40,681351,Logan O'Hoppe,O'Hoppe,R,A,LAA,CIN,7,4.098,3.677,0.792,1.257,1.029,0.331,0.527,0.16,0.011,0.095,0.396,0.37,0.024,0.02,5.705,7.454,0.091,0.578,0.02
824533,2026-04-12,1:40,682829,Elly De La Cruz,De La Cruz,S,H,CIN,LAA,3,4.408,3.781,0.819,1.273,1.227,0.538,0.569,0.129,0.038,0.083,0.453,0.441,0.346,0.274,7.718,10.07,0.078,0.586,0.241
824533,2026-04-12,1:40,687263,Zach Neto,Neto,R,A,LAA,CIN,1,4.671,4.066,0.853,1.546,1.268,0.507,0.506,0.173,0.003,0.172,0.429,0.565,0.275,0.225,8.245,10.818,0.159,0.6,0.207
824533,2026-04-12,1:40,701398,Sal Stewart,Stewart,R,H,CIN,LAA,4,4.257,3.627,0.747,1.179,1.181,0.548,0.515,0.131,0.0,0.1,0.471,0.441,0.106,0.085,6.553,8.755,0.095,0.544,0.081
824696,2026-04-12,2:20,542303,Marcell Ozuna,Ozuna,R,A,PIT,CHC,5,4.441,3.833,0.941,1.818,1.011,0.514,0.489,0.233,0.012,0.206,0.638,0.644,0.034,0.03,8.537,11.469,0.19,0.639,0.03
824696,2026-04-12,2:20,608324,Alex Bregman,Bregman,R,H,CHC,PIT,3,4.621,3.809,1.06,1.772,0.682,0.712,0.679,0.211,0.008,0.162,0.672,0.73,0.052,0.044,9.22,12.402,0.148,0.684,0.043
824696,2026-04-12,2:20,608348,Carson Kelly,Kelly,R,H,CHC,PIT,7,4.294,3.581,0.952,1.725,1.04,0.626,0.555,0.208,0.004,0.186,0.667,0.661,0.019,0.015,8.576,11.595,0.17,0.64,0.015
824696,2026-04-12,2:20,621020,Dansby Swanson,Swanson,R,H,CHC,PIT,9,4.081,3.408,0.819,1.558,1.265,0.596,0.46,0.163,0.012,0.184,0.6,0.65,0.092,0.078,8.215,11.112,0.168,0.585,0.075
824696,2026-04-12,2:20,656811,Ryan O'Hearn,O'Hearn,L,A,PIT,CHC,4,4.608,4.079,1.229,2.302,0.794,0.431,0.696,0.251,0.024,0.258,0.785,0.739,0.034,0.028,10.161,13.474,0.233,0.749,0.027
824696,2026-04-12,2:20,663538,Nico Hoerner,Hoerner,R,H,CHC,PIT,1,4.995,4.315,1.331,2.082,0.545,0.567,0.931,0.213,0.023,0.164,0.629,0.876,0.209,0.181,10.731,14.038,0.154,0.765,0.166
824696,2026-04-12,2:20,664023,Ian Happ,Happ,S,H,CHC,PIT,4,4.517,3.688,0.913,1.775,1.341,0.746,0.519,0.155,0.009,0.229,0.772,0.711,0.056,0.046,9.387,12.812,0.208,0.623,0.045
824696,2026-04-12,2:20,664040,Brandon Lowe,Lowe,L,A,PIT,CHC,2,4.795,4.335,1.229,2.455,1.082,0.349,0.629,0.278,0.018,0.304,0.747,0.816,0.041,0.034,10.452,13.839,0.269,0.742,0.033
824696,2026-04-12,2:20,665833,Oneil Cruz,Cruz,L,A,PIT,CHC,1,4.873,4.314,1.076,2.055,1.323,0.456,0.602,0.211,0.023,0.24,0.591,0.775,0.292,0.246,10.321,13.553,0.217,0.678,0.219
824696,2026-04-12,2:20,668804,Bryan Reynolds,Reynolds,S,A,PIT,CHC,3,4.587,4.027,1.055,1.963,1.012,0.456,0.583,0.238,0.03,0.204,0.636,0.691,0.04,0.035,8.955,11.904,0.191,0.684,0.034
824696,2026-04-12,2:20,673548,Seiya Suzuki,Suzuki,R,H,CHC,PIT,5,4.476,3.616,0.942,1.795,1.243,0.78,0.535,0.171,0.026,0.21,0.746,0.726,0.079,0.066,9.602,13.054,0.192,0.644,0.064
824696,2026-04-12,2:20,680779,Henry Davis,Davis,R,A,PIT,CHC,9,3.907,3.482,0.862,1.624,0.989,0.331,0.458,0.226,0.0,0.179,0.556,0.538,0.04,0.033,7.302,9.728,0.164,0.603,0.032
824696,2026-04-12,2:20,683737,Michael Busch,Busch,L,H,CHC,PIT,2,4.696,3.889,1.145,2.216,1.08,0.709,0.652,0.197,0.015,0.281,0.778,0.842,0.034,0.027,10.667,14.355,0.25,0.712,0.027
824696,2026-04-12,2:20,687462,Spencer Horwitz,Horwitz,L,A,PIT,CHC,7,4.352,3.799,1.039,1.844,0.725,0.453,0.609,0.242,0.0,0.188,0.62,0.626,0.022,0.019,8.408,11.178,0.171,0.672,0.019
824696,2026-04-12,2:20,691718,Pete Crow-Armstrong,Crow-Armstrong,L,H,CHC,PIT,6,4.348,3.898,1.053,1.906,1.176,0.362,0.627,0.2,0.026,0.2,0.762,0.642,0.326,0.267,9.958,13.126,0.186,0.686,0.244
824696,2026-04-12,2:20,693304,Nick Gonzales,Gonzales,R,A,PIT,CHC,6,4.394,4.084,1.206,1.954,0.62,0.208,0.781,0.247,0.034,0.145,0.589,0.59,0.045,0.038,8.255,10.662,0.137,0.73,0.037
824696,2026-04-12,2:20,694208,Moises Ballesteros,Ballesteros,L,H,CHC,PIT,8,4.078,3.511,0.863,1.532,1.148,0.481,0.53,0.16,0.009,0.164,0.564,0.606,0.02,0.016,7.481,10.047,0.155,0.591,0.016
824696,2026-04-12,2:20,804606,Konnor Griffin,Griffin,R,A,PIT,CHC,8,4.133,3.746,0.938,1.71,0.977,0.294,0.549,0.197,0.0,0.192,0.623,0.567,0.139,0.115,8.089,10.692,0.176,0.631,0.109
824859,2026-04-12,1:35,621493,Taylor Ward,Ward,R,H,BAL,SF ,2,4.502,3.568,0.873,1.274,0.76,0.83,0.609,0.189,0.012,0.062,0.422,0.571,0.06,0.045,7.365,9.884,0.06,0.602,0.044
824859,2026-04-12,1:35,624413,Pete Alonso,Alonso,R,H,BAL,SF ,3,4.433,3.868,1.059,1.589,0.83,0.469,0.713,0.25,0.008,0.088,0.568,0.476,0.05,0.04,7.561,9.928,0.086,0.701,0.04
824859,2026-04-12,1:35,641933,Tyler O'Neill,O'Neill,R,H,BAL,SF ,5,4.2,3.568,0.898,1.386,0.894,0.543,0.605,0.193,0.007,0.094,0.488,0.49,0.126,0.106,7.341,9.697,0.091,0.627,0.102
824859,2026-04-12,1:35,642715,Willy Adames,Adames,R,A,SF ,BAL,1,4.806,3.975,0.85,1.32,1.155,0.723,0.568,0.185,0.006,0.091,0.365,0.598,0.097,0.077,7.345,9.783,0.086,0.599,0.075
824859,2026-04-12,1:35,646240,Rafael Devers,Devers,L,A,SF ,BAL,5,4.396,3.739,0.859,1.406,1.09,0.568,0.548,0.189,0.006,0.115,0.532,0.514,0.049,0.04,7.223,9.673,0.108,0.618,0.04
824859,2026-04-12,1:35,650333,Luis Arraez,Arraez,L,A,SF ,BAL,3,4.593,4.178,1.165,1.523,0.327,0.297,0.904,0.198,0.028,0.035,0.501,0.457,0.062,0.049,7.029,8.97,0.035,0.727,0.049
824859,2026-04-12,1:35,656305,Matt Chapman,Chapman,R,A,SF ,BAL,2,4.649,3.88,0.994,1.399,0.924,0.663,0.716,0.207,0.014,0.057,0.382,0.524,0.064,0.049,7.246,9.494,0.055,0.657,0.047
824859,2026-04-12,1:35,664056,Harrison Bader,Bader,R,A,SF ,BAL,8,4.112,3.659,0.801,1.183,1.069,0.378,0.564,0.157,0.016,0.064,0.402,0.408,0.196,0.158,6.413,8.342,0.063,0.577,0.144
824859,2026-04-12,1:35,666464,Jerar Encarnacion,Encarnacion,R,A,SF ,BAL,6,4.249,3.863,0.939,1.358,1.01,0.294,0.671,0.192,0.0,0.076,0.445,0.419,0.086,0.06,6.344,8.211,0.074,0.641,0.059
824859,2026-04-12,1:35,669236,Jeremiah Jackson,Jackson,R,H,BAL,SF ,7,3.951,3.596,0.83,1.204,0.843,0.255,0.582,0.18,0.013,0.056,0.406,0.369,0.032,0.028,5.507,7.146,0.055,0.588,0.028
824859,2026-04-12,1:35,671218,Heliot Ramos,Ramos,R,A,SF ,BAL,4,4.475,3.999,0.861,1.314,1.067,0.37,0.591,0.173,0.013,0.085,0.501,0.464,0.044,0.035,6.433,8.503,0.081,0.605,0.035
824859,2026-04-12,1:35,672275,Patrick Bailey,Bailey,S,A,SF ,BAL,9,3.858,3.427,0.78,1.106,0.843,0.337,0.574,0.141,0.011,0.054,0.379,0.392,0.031,0.025,5.4,7.062,0.053,0.563,0.025
824859,2026-04-12,1:35,681297,Colton Cowser,Cowser,L,H,BAL,SF ,8,3.842,3.291,0.68,1.053,1.058,0.474,0.461,0.14,0.005,0.074,0.373,0.407,0.102,0.09,5.822,7.727,0.073,0.52,0.085
824859,2026-04-12,1:35,683002,Gunnar Henderson,Henderson,L,H,BAL,SF ,1,4.642,3.935,0.988,1.479,0.687,0.605,0.694,0.177,0.037,0.08,0.413,0.615,0.202,0.169,8.175,10.681,0.077,0.661,0.156
824859,2026-04-12,1:35,687637,Dylan Beavers,Beavers,L,H,BAL,SF ,6,3.98,3.331,0.684,1.052,0.801,0.552,0.46,0.151,0.003,0.07,0.372,0.392,0.091,0.072,5.854,7.8,0.069,0.519,0.07
824859,2026-04-12,1:35,691723,Coby Mayo,Mayo,R,H,BAL,SF ,9,3.722,3.178,0.703,1.026,0.861,0.46,0.468,0.191,0.0,0.044,0.326,0.413,0.094,0.08,5.594,7.398,0.044,0.529,0.078
824859,2026-04-12,1:35,694212,Samuel Basallo,Basallo,L,H,BAL,SF ,4,4.367,3.995,0.846,1.248,0.992,0.28,0.596,0.173,0.0,0.077,0.524,0.391,0.031,0.023,5.921,7.804,0.074,0.607,0.022
824859,2026-04-12,1:35,808982,Jung Hoo Lee,Hoo Lee,L,A,SF ,BAL,7,4.156,3.672,0.959,1.335,0.498,0.384,0.724,0.144,0.039,0.051,0.421,0.408,0.068,0.054,6.417,8.262,0.05,0.657,0.053
824938,2026-04-12,7:20,573262,Mike Yastrzemski,Yastrzemski,L,H,ATL,CLE,5,4.041,3.468,0.83,1.456,0.709,0.483,0.494,0.176,0.03,0.13,0.48,0.492,0.06,0.049,7.058,9.366,0.125,0.598,0.049
824938,2026-04-12,7:20,595978,Austin Hedges,Hedges,R,A,CLE,ATL,8,3.594,3.221,0.687,1.063,1.032,0.289,0.449,0.168,0.003,0.068,0.304,0.337,0.025,0.019,4.838,6.312,0.067,0.523,0.019
824938,2026-04-12,7:20,608070,Jose Ramirez,Ramirez,S,A,CLE,ATL,3,4.421,3.884,1.001,1.563,0.72,0.433,0.696,0.167,0.017,0.12,0.501,0.453,0.255,0.209,8.083,10.445,0.114,0.665,0.192
824938,2026-04-12,7:20,621566,Matt Olson,Olson,L,H,ATL,CLE,3,4.24,3.602,0.793,1.427,1.173,0.546,0.454,0.188,0.005,0.145,0.467,0.474,0.034,0.025,6.897,9.221,0.138,0.574,0.024
824938,2026-04-12,7:20,642086,Dominic Smith,Smith,L,H,ATL,CLE,7,3.818,3.467,0.823,1.311,0.766,0.267,0.53,0.192,0.008,0.094,0.426,0.389,0.027,0.021,5.816,7.597,0.089,0.59,0.021
824938,2026-04-12,7:20,642201,Eli White,White,R,H,ATL,CLE,9,3.461,3.173,0.623,1.015,1.095,0.222,0.39,0.14,0.027,0.066,0.31,0.328,0.128,0.105,4.991,6.476,0.064,0.488,0.1
824938,2026-04-12,7:20,643289,Mauricio Dubon,Dubon,R,H,ATL,CLE,8,3.656,3.378,0.855,1.226,0.434,0.187,0.595,0.204,0.002,0.054,0.383,0.345,0.051,0.042,5.402,6.934,0.053,0.603,0.04
824938,2026-04-12,7:20,645277,Ozzie Albies,Albies,S,H,ATL,CLE,6,3.974,3.601,0.866,1.341,0.654,0.272,0.591,0.167,0.018,0.09,0.43,0.408,0.121,0.096,6.359,8.227,0.087,0.613,0.091
824938,2026-04-12,7:20,656555,Rhys Hoskins,Hoskins,R,A,CLE,ATL,6,4.1,3.572,0.708,1.218,1.447,0.449,0.43,0.16,0.006,0.113,0.361,0.391,0.026,0.023,5.778,7.652,0.107,0.532,0.022
824938,2026-04-12,7:20,660670,Ronald Acuna Jr.,Acuna Jr.,R,H,ATL,CLE,1,4.44,3.795,0.836,1.436,0.998,0.561,0.528,0.157,0.011,0.14,0.398,0.576,0.304,0.256,8.205,10.757,0.131,0.587,0.23
824938,2026-04-12,7:20,663586,Austin Riley,Riley,R,H,ATL,CLE,4,4.18,3.721,0.767,1.306,1.233,0.382,0.466,0.174,0.016,0.111,0.439,0.447,0.02,0.017,6.128,8.134,0.107,0.57,0.017
824938,2026-04-12,7:20,677587,Brayan Rocchio,Rocchio,S,A,CLE,ATL,9,3.777,3.437,0.769,1.164,0.946,0.26,0.534,0.151,0.009,0.076,0.342,0.369,0.099,0.079,5.516,7.121,0.075,0.571,0.077
824938,2026-04-12,7:20,680757,Steven Kwan,Kwan,L,A,CLE,ATL,1,4.621,4.085,1.056,1.489,0.487,0.414,0.795,0.161,0.026,0.073,0.347,0.521,0.155,0.123,7.314,9.331,0.071,0.681,0.118
824938,2026-04-12,7:20,681807,David Fry,Fry,R,A,CLE,ATL,4,4.077,3.695,0.691,1.128,1.467,0.308,0.424,0.18,0.002,0.084,0.401,0.318,0.043,0.035,5.259,6.934,0.08,0.504,0.033
824938,2026-04-12,7:20,682657,Angel Martinez,Martinez,S,A,CLE,ATL,2,4.583,4.185,0.984,1.457,1.163,0.3,0.687,0.202,0.012,0.082,0.399,0.451,0.137,0.112,6.851,8.782,0.08,0.651,0.106
824938,2026-04-12,7:20,682877,Juan Brito,Brito,S,A,CLE,ATL,7,4.21,3.865,0.769,1.193,1.367,0.254,0.522,0.158,0.0,0.089,0.357,0.371,0.036,0.027,5.344,6.941,0.088,0.56,0.027
824938,2026-04-12,7:20,686948,Drake Baldwin,Baldwin,L,H,ATL,CLE,2,4.494,4.02,1.002,1.63,0.752,0.362,0.64,0.221,0.018,0.123,0.479,0.53,0.012,0.011,7.201,9.415,0.117,0.662,0.011
824938,2026-04-12,7:20,800050,Chase DeLauter,DeLauter,L,A,CLE,ATL,5,4.239,3.823,0.82,1.265,1.105,0.323,0.567,0.157,0.0,0.096,0.411,0.388,0.041,0.033,5.853,7.639,0.094,0.586,0.033
